{
	"expired": "Hello [[name]], your internet package [[package]] has been expired.",
	"balance_send": "You sent [[balance]] to [[name]].",
	"balance_received": "You have received [[balance]] from [[name]].",
	"reminder_7_day": "Hello *[[name]]*, \r\nyour internet package *[[package]]* will be expired in 7 days.",
	"reminder_3_day": "Hello *[[name]]*, \r\nyour internet package *[[package]]* will be expired in 3 days.",
	"reminder_1_day": "Hello *[[name]]*,\r\n your internet package *[[package]]* will be expired tomorrow.",
	"invoice_paid": "*[[company_name]]*\r\n[[address]]\r\n[[phone]]\r\n\r\n\r\nINVOICE: *[[invoice]]*\r\nDate : [[date]]\r\n[[payment_gateway]] [[payment_channel]]\r\n\r\n\r\nType : *[[type]]*\r\nPackage : *[[plan_name]]*\r\nPrice : *[[plan_price]]*\r\n\r\nUsername : *[[user_name]]*\r\nPassword : ***********\r\n\r\nExpired : *[[expired_date]]*\r\n\r\n====================\r\n[[footer]]",
	"invoice_balance": "*[[company_name]]*\r\n[[address]]\r\n[[phone]]\r\n\r\n\r\nINVOICE: *[[invoice]]*\r\nDate : [[date]]\r\n[[payment_gateway]] [[payment_channel]]\r\n\r\n\r\nType : *[[type]]*\r\nPackage : *[[plan_name]]*\r\nPrice : *[[plan_price]]*\r\n\r\n====================\r\n[[footer]]",
	"welcome_message": "Welcome aboard, [[name]]! \r\nWe're excited to have you as a new [[company]] customer. \r\nYour account is all set up and ready to go.\r\n\r\nHere's a quick overview:\r\n\r\nPortal: [[url]]\r\nYour login is  [[Username]]\r\nYour temporary password is  [[Password]] (please change this on your first login)\r\n\r\nNeed help? Reach out to our support team at anytime.\r\n\r\nWe're here to ensure you have an amazing experience with our services. Let us know how we can best support you.\r\n\r\nWelcome to the [[company]] family!"

}
